"","Df","SumOfSqs","R2","F","Pr(>F)"
"Model",1,0.145011817517534,0.0986612512699888,0.766225528263397,0.781
"Residual",7,1.32478322005711,0.901338748730011,NA,NA
"Total",8,1.46979503757464,1,NA,NA
